{
    "errorCode": 200,
    "desc": "Successful",
    "templateCollection": {
            "background_info": {
			"id":1,
            "name": "0.png",
            "height":2480 ,
            "width": 1476
             },
            "objects_info": [
                {
                    "id": "2",
                    "type": "image",
                    "img": "03.jpg",
					"isRounded": 1,
                    "x": 100,
                    "y": 100,
                    "height": 200,
                    "width": 200,
					"rotation" : 0

                },
				 {
                    "id": "3",
					"type": "text",
                    "content": "add text here",
                    "font_name": "UTM DAI CO VIET.TTF",
                    "text_color": "#202d4e",
                    "x": 458,
                    "y": 123,
                    "height": 590,
                    "width": 194,
					"rotation" : 0
                },
                {
                    "id": "4",
                    "type": "image",
                    "img": "2.png",
					"isRounded": 0,
                    "x": 272,
                    "y": 422,
                    "height": 415,
                    "width": 1144,
					"rotation" : 0
                },
				 {
                    "id": "5",
					"type": "text",
					"content": "Tell me some thing about your feeling..",
                    "font_name": "UTM DAI CO VIET.TTF",
                    "text_color": "#202d4e",
                    "x": 347,
                    "y": 592,
                    "height": 200,
                    "width": 753,
					"rotation" : -0.1
                },
				 {
                    "id": "6",
					"type": "text",
				    "content": "add text here",
                    "font_name": "UTM DAI CO VIET.TTF",
                    "text_color": "#202d4e",
                    "x": 140,
                    "y": 1107,
                    "height": 109,
                    "width": 608,
					"rotation" : 0
                },
                {
                    "id": "7",
                    "type": "image",
                    "img": "3.png",
					"isRounded": 0,
                    "x": 798,
                    "y": 869,
                    "height": 738,
                    "width": 645,
					"rotation" : 0
                },
                {
                    "id": "8",
                    "type": "image",
                    "img": "4.png",
					"isRounded": 0,
                    "x": 111,
                    "y": 1778,
                    "height": 611,
                    "width": 1246,
					"rotation" : 0
                },
				{
                    "id": "9",
					"type": "text",
					 "content": "ahihihihi",
                    "font_name": "UTM DAI CO VIET.TTF",
                    "text_color": "#202d4e",
                    "x": 288,
                    "y": 1950,
                    "height": 4,
                    "width": 143,
					"rotation" : 0
                },
                {
                    "id": "10",
                    "type": "image",
                    "img": "5.png",
					"isRounded": 0,
                    "x": 1382,
                    "y": 2379,
                    "height": 61,
                    "width": 61,
					"rotation" : 0
                }
            ]
	}
}